id,firstname,lastname,email,email2,profession
100,Margarette,Caitlin,Margarette.Caitlin@yopmail.com,Margarette.Caitlin@gmail.com,police officer
101,Verla,Dreda,Verla.Dreda@yopmail.com,Verla.Dreda@gmail.com,developer
102,Desirae,Gabrielli,Desirae.Gabrielli@yopmail.com,Desirae.Gabrielli@gmail.com,police officer
103,Vanessa,Raychel,Vanessa.Raychel@yopmail.com,Vanessa.Raychel@gmail.com,firefighter
104,Ruthe,Himelman,Ruthe.Himelman@yopmail.com,Ruthe.Himelman@gmail.com,developer
105,Nollie,Newell,Nollie.Newell@yopmail.com,Nollie.Newell@gmail.com,worker
106,Dari,Elisha,Dari.Elisha@yopmail.com,Dari.Elisha@gmail.com,worker
107,Jerry,Eldrid,Jerry.Eldrid@yopmail.com,Jerry.Eldrid@gmail.com,worker
108,Rhoda,Alfons,Rhoda.Alfons@yopmail.com,Rhoda.Alfons@gmail.com,developer
109,Harmonia,Emmy,Harmonia.Emmy@yopmail.com,Harmonia.Emmy@gmail.com,firefighter